date,all_a_close,phase5,phase9,ret5_pct,ret63_pct,up20_pct,up60_pct,up120_pct,dd20_pct,dd60_pct,distance20_high_pct,rv20,rv120,rv_ratio,rv_p756_pct,ret63_p756_pct,top5_B_hard,top5_formal_signal,top5_route,top9_formal_signal,top9_route,bottom5_A_hard,bottom5_B_hard,bottom9_A_hard,bottom9_B_hard,execution_state,target_position,data_scope,note
2026-08-05,5881.850000,UP,DOWN,3.329185,-9.971584,5.383675,5.383675,5.383675,-6.702849,-12.038751,6.702849,0.022432,0.015508,1.446477,90.079365,6.613757,True,True,B,True,B,False,False,False,False,top9_pending_price_weakness,0.000000,price_core_verified,行情核心字段已更新；Top-5/Bottom-5/Bottom-9价格派生规则可完整计算。Top-9 2026-08-05 Route B 另用沪深300/中证1000与融资门槛交叉核验。
2026-08-06,5896.360000,UP,DOWN,5.643648,-9.735926,5.643648,5.643648,5.643648,-5.128688,-10.985036,5.128688,0.021622,0.015503,1.394680,88.227513,7.010582,True,False,,False,,False,False,False,False,top9_pending_price_weakness,0.000000,price_core_verified,行情核心字段已更新；Top-5/Bottom-5/Bottom-9价格派生规则可完整计算。Top-9 2026-08-05 Route B 另用沪深300/中证1000与融资门槛交叉核验。
2026-08-07,5978.300000,UP,DOWN,5.228768,-9.876902,7.111747,7.111747,7.111747,-2.302499,-9.748021,2.302499,0.021778,0.015526,1.402663,88.756614,7.010582,True,False,,False,,False,False,False,False,top9_pending_price_weakness,0.000000,price_core_verified,行情核心字段已更新；Top-5/Bottom-5/Bottom-9价格派生规则可完整计算。Top-9 2026-08-05 Route B 另用沪深300/中证1000与融资门槛交叉核验。
2026-08-10,6009.530000,UP,DOWN,6.315000,-9.025390,7.671287,7.671287,7.671287,-1.792138,-9.276555,1.792138,0.020412,0.015532,1.314140,83.862434,10.052910,True,False,,False,,False,False,False,False,top9_pending_price_weakness,0.000000,price_core_verified,行情核心字段已更新；Top-5/Bottom-5/Bottom-9价格派生规则可完整计算。Top-9 2026-08-05 Route B 另用沪深300/中证1000与融资门槛交叉核验。
2026-08-11,5966.590000,UP,DOWN,3.472909,-10.771490,6.901941,6.901941,6.901941,-1.795156,-9.924802,1.795156,0.019950,0.015445,1.291702,82.407407,5.291005,True,False,,False,,False,False,False,False,top9_pending_price_weakness,0.000000,price_core_verified,行情核心字段已更新；Top-5/Bottom-5/Bottom-9价格派生规则可完整计算。Top-9 2026-08-05 Route B 另用沪深300/中证1000与融资门槛交叉核验。
2026-08-12,6024.050000,UP,DOWN,2.417607,-8.071108,7.931438,7.931438,7.931438,0.000000,-9.057352,-0.000000,0.020034,0.015471,1.294942,82.804233,11.507937,True,False,,False,,False,False,False,False,top9_pending_price_weakness,0.000000,price_core_verified,行情核心字段已更新；Top-5/Bottom-5/Bottom-9价格派生规则可完整计算。Top-9 2026-08-05 Route B 另用沪深300/中证1000与融资门槛交叉核验。
2026-08-13,5973.270000,UP,DOWN,1.304364,-7.838931,7.021625,7.021625,7.021625,-0.842954,-9.823957,0.842954,0.019616,0.015489,1.266512,81.084656,12.301587,True,False,,False,,False,False,False,False,top9_pending_price_weakness,0.000000,price_core_verified,行情核心字段已更新；Top-5/Bottom-5/Bottom-9价格派生规则可完整计算。Top-9 2026-08-05 Route B 另用沪深300/中证1000与融资门槛交叉核验。
2026-08-14,5991.020000,UP,DOWN,0.212770,-7.506185,7.339648,7.339648,7.339648,-0.548302,-9.555993,0.548302,0.016015,0.015486,1.034164,56.746032,14.285714,False,False,,False,,False,False,False,False,top9_pending_price_weakness,0.000000,price_core_verified,行情核心字段已更新；Top-5/Bottom-5/Bottom-9价格派生规则可完整计算。Top-9 2026-08-05 Route B 另用沪深300/中证1000与融资门槛交叉核验。
2026-08-17,6112.700000,UP,UP,1.716773,-6.333499,9.519759,9.519759,9.519759,0.000000,-7.719039,-0.000000,0.016331,0.015564,1.049252,58.862434,18.915344,False,False,,False,,False,False,False,False,top9_pending_price_weakness,0.000000,price_core_verified,行情核心字段已更新；Top-5/Bottom-5/Bottom-9价格派生规则可完整计算。Top-9 2026-08-05 Route B 另用沪深300/中证1000与融资门槛交叉核验。
2026-08-18,6097.500000,UP,UP,2.194051,-6.552559,9.247424,9.247424,9.247424,-0.248663,-7.948507,0.248663,0.014720,0.015534,0.947625,45.634921,18.121693,False,False,,False,,False,False,False,False,top9_pending_price_weakness,0.000000,price_core_verified,行情核心字段已更新；Top-5/Bottom-5/Bottom-9价格派生规则可完整计算。Top-9 2026-08-05 Route B 另用沪深300/中证1000与融资门槛交叉核验。
2026-08-19,5846.420000,UP,UP,-2.948681,-8.197004,4.748885,4.748885,4.748885,-4.356176,-11.738960,4.356176,0.017558,0.015948,1.101017,69.179894,11.111111,False,False,,False,,False,False,False,False,top9_exit_confirmed_Tplus1,0.000000,price_core_verified,行情核心字段已更新；Top-5/Bottom-5/Bottom-9价格派生规则可完整计算。Top-9 2026-08-05 Route B 另用沪深300/中证1000与融资门槛交叉核验。
2026-08-20,5882.460000,UP,UP,-1.520273,-9.212473,5.394605,5.394605,5.394605,-3.766584,-11.194879,3.766584,0.017583,0.015958,1.101868,69.312169,9.656085,False,False,,False,,False,False,False,False,cash_after_top9_exit,0.000000,price_core_verified,行情核心字段已更新；Top-5/Bottom-5/Bottom-9价格派生规则可完整计算。Top-9 2026-08-05 Route B 另用沪深300/中证1000与融资门槛交叉核验。
2026-08-21,5902.110000,UP,UP,-1.484054,-10.026603,5.746669,5.746669,5.746669,-3.445122,-10.898231,3.445122,0.016742,0.015956,1.049252,58.994709,6.746032,False,False,,False,,False,False,False,False,cash_after_top9_exit,0.000000,price_core_verified,行情核心字段已更新；Top-5/Bottom-5/Bottom-9价格派生规则可完整计算。Top-9 2026-08-05 Route B 另用沪深300/中证1000与融资门槛交叉核验。
2026-08-24,5818.510000,UP,UP,-4.812767,-10.928975,4.248828,4.248828,4.248828,-4.812767,-12.160306,4.812767,0.016472,0.016003,1.029355,55.952381,4.629630,False,False,,False,,False,False,False,False,cash_after_top9_exit,0.000000,price_core_verified,行情核心字段已更新；Top-5/Bottom-5/Bottom-9价格派生规则可完整计算。Top-9 2026-08-05 Route B 另用沪深300/中证1000与融资门槛交叉核验。
2026-08-25,5832.920000,UP,UP,-4.339155,-9.480743,4.507009,4.507009,4.507009,-4.577028,-11.942764,4.577028,0.015137,0.015784,0.959008,46.428571,8.862434,False,False,,False,,False,False,False,False,cash_after_top9_exit,0.000000,price_core_verified,行情核心字段已更新；Top-5/Bottom-5/Bottom-9价格派生规则可完整计算。Top-9 2026-08-05 Route B 另用沪深300/中证1000与融资门槛交叉核验。
2026-08-26,5867.440000,UP,UP,0.359536,-9.459620,5.125495,5.125495,5.125495,-4.012302,-11.421630,4.012302,0.015104,0.015781,0.957107,46.164021,9.126984,False,False,,False,,False,False,False,False,cash_after_top9_exit,0.000000,price_core_verified,行情核心字段已更新；Top-5/Bottom-5/Bottom-9价格派生规则可完整计算。Top-9 2026-08-05 Route B 另用沪深300/中证1000与融资门槛交叉核验。
2026-08-27,5958.930000,UP,UP,1.299966,-6.436117,5.419832,6.764699,6.764699,-2.515582,-10.040442,2.515582,0.014550,0.015816,0.919919,44.973545,19.444444,False,False,,False,,False,False,False,False,cash_after_top9_exit,0.000000,price_core_verified,行情核心字段已更新；Top-5/Bottom-5/Bottom-9价格派生规则可完整计算。Top-9 2026-08-05 Route B 另用沪深300/中证1000与融资门槛交叉核验。
2026-08-28,5935.030000,UP,UP,0.557767,-6.107720,4.997015,6.336489,6.336489,-2.906572,-10.401251,2.906572,0.014220,0.015806,0.899684,43.783069,20.767196,False,False,,False,,False,False,False,False,cash_after_top9_exit,0.000000,price_core_verified,行情核心字段已更新；Top-5/Bottom-5/Bottom-9价格派生规则可完整计算。Top-9 2026-08-05 Route B 另用沪深300/中证1000与融资门槛交叉核验。
2026-08-31,5969.330000,UP,UP,2.592073,-6.268055,3.520426,6.951033,6.951033,-2.345445,-9.883438,2.345445,0.014132,0.015798,0.894587,43.518519,20.238095,False,False,,False,,False,False,False,False,cash_after_top9_exit,0.000000,price_core_verified,行情核心字段已更新；Top-5/Bottom-5/Bottom-9价格派生规则可完整计算。Top-9 2026-08-05 Route B 另用沪深300/中证1000与融资门槛交叉核验。
2026-09-01,5939.140000,UP,UP,1.821043,-7.141210,2.073211,6.410126,6.410126,-2.839335,-10.339204,2.839335,0.013622,0.015736,0.865669,41.137566,16.534392,False,False,,False,,False,False,False,False,cash_after_top9_exit,0.000000,price_core_verified,行情核心字段已更新；Top-5/Bottom-5/Bottom-9价格派生规则可完整计算。Top-9 2026-08-05 Route B 另用沪深300/中证1000与融资门槛交叉核验。
2026-09-02,5860.850000,UP,UP,-0.112315,-7.968895,0.727678,5.007424,5.007424,-4.120111,-11.521117,4.120111,0.013273,0.015777,0.841270,37.830688,12.830688,False,False,,False,,False,False,False,False,cash_after_top9_exit,0.000000,price_core_verified,行情核心字段已更新；Top-5/Bottom-5/Bottom-9价格派生规则可完整计算。Top-9 2026-08-05 Route B 另用沪深300/中证1000与融资门槛交叉核验。
2026-09-03,5867.180000,UP,UP,-1.539706,-6.754586,0.836468,5.120837,5.120837,-4.016556,-11.425555,4.016556,0.013262,0.015772,0.840901,37.698413,18.386243,False,False,,False,,False,False,False,False,cash_after_top9_exit,0.000000,price_core_verified,行情核心字段已更新；Top-5/Bottom-5/Bottom-9价格派生规则可完整计算。Top-9 2026-08-05 Route B 另用沪深300/中证1000与融资门槛交叉核验。
2026-09-04,5830.140000,UP,UP,-1.767304,-4.724513,0.199879,4.457200,4.457200,-4.622507,-11.984733,4.622507,0.012900,0.015759,0.818538,33.597884,27.116402,False,False,,False,,False,False,False,False,cash_after_top9_exit,0.000000,price_core_verified,行情核心字段已更新；Top-5/Bottom-5/Bottom-9价格派生规则可完整计算。Top-9 2026-08-05 Route B 另用沪深300/中证1000与融资门槛交叉核验。
2026-09-07,5893.090000,UP,UP,-1.277195,-5.782078,1.281771,5.585060,5.585060,-3.592684,-11.034402,3.592684,0.013104,0.015793,0.829739,35.846561,22.751323,False,False,,False,,False,False,False,False,cash_after_top9_exit,0.000000,price_core_verified,行情核心字段已更新；Top-5/Bottom-5/Bottom-9价格派生规则可完整计算。Top-9 2026-08-05 Route B 另用沪深300/中证1000与融资门槛交叉核验。
2026-09-08,5894.740000,UP,UP,-0.747583,-4.517405,1.310129,5.614622,5.614622,-3.565691,-11.009493,3.565691,0.013022,0.015730,0.827861,35.185185,27.910053,False,False,,False,,False,False,False,False,cash_after_top9_exit,0.000000,price_core_verified,行情核心字段已更新；Top-5/Bottom-5/Bottom-9价格派生规则可完整计算。Top-9 2026-08-05 Route B 另用沪深300/中证1000与融资门槛交叉核验。
2026-09-09,5899.030000,UP,UP,0.651441,-3.936324,1.383859,5.691485,5.691485,-3.495509,-10.944729,3.495509,0.012807,0.015712,0.815128,33.465608,30.291005,False,False,,False,,False,False,False,False,cash_after_top9_exit,0.000000,price_core_verified,行情核心字段已更新；Top-5/Bottom-5/Bottom-9价格派生规则可完整计算。Top-9 2026-08-05 Route B 另用沪深300/中证1000与融资门槛交叉核验。
2026-09-10,5851.830000,UP,UP,-0.261625,-5.558650,0.572655,4.845814,4.845814,-4.267672,-11.657288,4.267672,0.012795,0.015611,0.819583,34.391534,23.809524,False,False,,False,,False,False,False,False,cash_after_top9_exit,0.000000,price_core_verified,行情核心字段已更新；Top-5/Bottom-5/Bottom-9价格派生规则可完整计算。Top-9 2026-08-05 Route B 另用沪深300/中证1000与融资门槛交叉核验。
